",to save me from tears",6vjZ215pcFuxyjrB95YILGatas2
/++,SnW_hZnFddbnJgbHc4u28pX3AG9
/--,1Qu69OxaONXGP4qP9rVFWhWIlr
0ber,Wi7Mk5ZFDxgsDioMlIScYCWWJii
1000 TMX,DDiA9iNWcf5DQQdrammLOP2uFx6
1001,KME3WV9VeAHF5hh1aZ8byo1Clab
1002,SM6KCgOBLSye7MXR58hm62Olw2c
1004,gUFqCLk4HwgwEK68pwmfvvsbLI9
1007,TTfp7dB1PjEgRCFEVJsKrwZ27a1
1009,VL5NNxsm0AuUmsG58Z0TWKPjm39
1011,VhmJrFapTzOf0YGEiBzpR8i5D0k
1013 -TR,xTqQfKRq7JvTA8Tc8xAtFqSbpKc
1014,IShwPBIeX6EYFF21ra6ge3Fg5db
1016-T,keC24UUat2qFIk1p6WX5msC1BAd
1017,9aw8YaIbwEYA9MAzgA5ujz_OM_3
12:74,3E5lFWJHL6bVZB1whvOoCLlOeJa
2 balle,MDREbg0BAcOX94ux5NTHMoI9507
200m left,CXV3UzYBKSCgSNdKTwX8lPGAWZ0
2024,bF63BKyAGaBgJT2KMbZ1svD8kS9
235 is easy fr fr,bBDnrRiGxGVQeHZO15z98lqBMDd
25% lol,ppqk_m0KWgU2KQlW19EYRfTIUTj
3 ways in  fixed,WkPPKLvxoUTcyWRu1pYxXRBlq9f
360 mufattmf tas this for me pls,lJPbNMJW27x99PT7zAb1B2p9qfd
399,G5dwLzoVAjbic2FvOcMrLxMwh3a
40 meda,h9qUsI421CnQ1YRowwArOepjm1g
5 maps in one,wGJ45FokmCTCe1em_4dVhHTUa27
6 digits,8aFDfsVvVHYeEnqIf7_WL4axU54
80A 2,D8Y9YJgZxYK6NQ3LBzqrqcP4Cpf
80A 3,RhT7JnjmDhJicbqpdBkVu2QAoY5
80A 4,9H180NwWhDGyS_YgKGmx0DIYE1h
80A 5,VYS_LzT6SO3dFZT1D6ofUFZmiFi
993,TxXho4FQYP2GjHShKBVF8XtMR1d
994,pfeegfV8t6fXEtPb01YbTwMUlTf
995,9juMCCEIbEwL10r37Z1lNhiX9w1
996,KKhXf8H7JHCjoPn5lYY4D1N1yGi
997,uW8uSn8jWw0pOb7BegLXixPOVIc
998,D8wgpBqt9diJaMovP0HbmvXU9X5
999,idKsGc07Mhld8OandCjBNdcmmZh
a to moja styluwa,HVKdQ3s2ZJsodTg90oI5S_zAJc4
a to the s to the m to the r,ZLSdU32hgoOpd1NJuDFNmgHmoR3
A very map,OLnMGVp5ClNrCX0VxsNcPONKVHg
A wengy na,ofSTnNo4BHzCQSfTjaSLUzerz5b
A0 hard,MDnXkdlphC1Ilnm8giGRh3S9zz4
A03 from wish,bzMdcvZl2xD8p3MAsCuXfqLeRUg
A08 1,1BWzrR1Ie7LU_B2U68IfOPlD7ri
A08 2,FKRYrcAOtAXT0HnbQhPOeswAoOh
A08 4,kS12GyPBlVr8Vitqf3U3N2PnX_1
A08 5,vQjCAzafiAUan0zQud2ti21cta2
A09 from memory but i have dementia,n2VYDeu7CIfFoQu1wgqn264nwZ1
AB or no AB,fR0Cuqw1kdojYvue2NLYzwHVmx3
abobax,3aK1ifzgYTwVxqvmlZVpQmZQOEf
Acitnem,_vy6HnsLe3UF_fEBWYEVMx8N2s0
Acrobatic Series 2,neCsr9b2Sbqwggh8aoqaEjGl4T0
Acrobatic Series 4,tncEYm0Yj4XN00vFP7hLCKUUE13
Actually smooth 500,1dHgx7HwL0o5dZtbIGYXgJv4JTk
add from tmx /afk,jnFHbIL4x5JEAQUmSVYl7UFjHx4
Admin,rrEfBdDfNVTUS1cM9BF3l0UuOCb
aeoielm,5snlWGp_k6yrVSzTPbMf2nKCWH8
Aexdd,usgTbvDDO2CABhrM5jm3IZKtAg4
AI Generated #1,B0MRJrFM92bTVJd89r3zYo_o6ak
Akslop,KEawD5cBir6Uibgej2ZSIuxO1ii
Alaks,cKZMFQRfw2cb35EyG9lK6h9bbl
Ale Pitny,uLRYC5RhAKuST7KwfgcpCOgNkc9
alecks wont beat this AT,kgThZ3o2HAwFpOE1ZOZSRPstjOb
ali good,61synhYDBj2HsLEGz8Lkm7gdCwl
all blocks i could place here,dQWn1NzxRyBQJUW4DYYyyxOmLK1
Alpha02,GwodXDgxCwzf12YNkeriwsCTUV7
already omon us,stRjcXk_rZkcqmoQ54UVf4FXDmm
alternate universe A12,Lq_6xXsKBh_r7ZVTGyn5S_31oK8
amabatukam,JEcPLoNSuWBidAZ5kJ3V0f6mWmb
AMOGUS SUS,z7NGWH1OUSYiaaFMsdSEIH0sCVf
Ananas Pizza Strawberry,VcvGKUX1h0WyM5Nt31RXHFBgq4e
Angela,YeXZyc662L1UgJfUBgRopM3CT7g
annyLebronJam,JybAkyyK6HTUF_doJUcDb11l7U7
annytf silly,yu0huq0QtJR1FJI2SZ9nub86jMg
Another of dis,mDbA1wuiR606QIcHZ_p8kn9AKfl
antymufatcut,gyq6JDMQMUeuInUHzmbavxRZ04h
arcydzielo 5,E6obd8DHtjTc6WsKv2v90RICFg9
As Lol 23,6cTtks0Wkny9Z3bGmZdhSV4Dv1g
Asmeria blacc,QmK5486_QYEQxNZr7Z0PoDMz6Jj
asto lolsto,hK5F3QolXONtoxX8rZd4V9ded93
Astolfo holes,I4WShr_3l7Xw9Y2Cq7JuIVe7Ggh
Astro stefan,qXUcihQkmUAabqYKJjFAtHYOOI5
attempts more attempts,2zg2CrAX2sjnZmalDtxd2TqRBPd
Autistic lol1,AGUbBZFBfzF3ERyylmLT7a33s1l
Autistic lol10,j2uyWkle0vy2jcR9yWmkL2DRFMl
Autistic lol12,4ZpewVKCg_dyvsoqnUJbwQFCzQi
Autistic lol14,qJqEWt6_HxifUZNfhjLBa9sztXb
Autistic lol2,y_folu07Pvq318ulf7fCuc3aUZe
Autistic lol3,FjBhn514sYjn3k0jWTTf1kpPYb8
Autistic lol4,_9G6lsBbuQfkwNQxkPutyoUsLwg
Autistic lol5,8ZuNyPFVoeTWUc4yB9oIvRblzGh
Autistic lol6,qJBFw2oo7kT40lA_LIEkAgGbbDh
Autistic lol7,wm_aIbgMTZ3Fn468o1XEoi69l3c
Autistic lol8,j7QMuGWr6tRklGu5Y5jo3zCCyF9
Autistic lol9,zfL6H94wBQIenJX09fjl3w6VK71
Auto sd map,rEPHPLD95WSdyJHFVgEt5dp5xo3
awful mep,6ZURHNtRlQUKXKteVS_U9gqyXga
AYAYA recruit map,cR6pUTijTBYtq5qe4Z3oT4LbZRk
Back Up,PEVA2VGsvC0KJqrLtUaDH87Y3Ng
Bad mapping,jI54RJpa43lAPJa9d2YI_FjWsv7
bah gah ba,vaHskx01IaOfrvTq1o9AFpb76Pb
bakalie,f6oP8SEfxL8TDiXmSPcN_4zEeUe
bakomid,JBGwfCXg4pMPrahkDsrkQn1gLV6
baseg,gaIH_Sz8JmW8v9LDQWo0AniXvA1
Beginner dirt A,xrcGFWFRRE0vFgUl8haatE3M9nk
Beginner Dirt B,LvRbGoqzEIk8bbV4TUXd3nXslql
Beginner Dirt C,kl8UbTnt7L75t3pAqkgFlNNskb0
ben,3sMxthCnYwyNvuXYMN9ESkS2V27
bernaut,N0EHNlXq17XYSNc2JMDXxojKH8g
bidone,AwkUWISYzWQTFkNfRcjdBGPLQO6
biggest balls in the summer,vzTtcQX19gdc7ByoNw8Ot60iJ43
birb64,frYJrIRa7qAvLWrte3P_oej33g6
black nilla,Wk5SFLsV01cc9apjrEckxugBsoi
Ble rna me,aWNh098xLHCD0IMTiNGBUpOXqF5
bludy moring,x2BsJHSyNzRFnlVGBke44vbSxo7
bobble wobble 2,bO1Ttf6SwACu22AoQrdmUbxI3F5
bobble wobble 3,Gcpo884MN8ZOIR2DCJxYvTPDFGd
bonki bonk bonko,N1Pebdqa2FqoBGzL40YV0YXkAZj
Booster trickery,ITaDYD_3ttTlIXVangmHDj4ikXa
BOP,JiavSVDaos6Wlv8zyOwI_XyKjJ6
bounce 36,NmuLoCZi9HYxjt1vSpscaI9sS66
bounce 37,30kPXivpzrqedEq8AhZ0vPEmsd1
Bringham,vpq5ufYqq6b6TW57zQUWbfVRdd1
bryeh ooo,o9Ho9FK8NJzyqjbQgKMK7f2ECge
Bug Slide 1,S5aEoIK4tPcwwNSZV3fRF9Ovww8
Bug Slide 2,WIawINlNVfvtXaC5bNvHDZ0GfAc
Bug Slide 3,bg1XJCVnW7s9Mk9jP0XYuFeSyy4
Bug Slide 4,E4PdJmgAPqSPDwblufDR_qehYX7
Bug Slide 5,agPyZd1IegT0VoA2Aj9Q_XZmNVd
Bugslide fun,jj95E3aDt3SJD4b1LsNDjUkZam4
buhg,1WUwQHYdx7nJkE5k75Cx1CFw8a3
But the very next day,7OvAxTey6MMgLgrhCDJYVSiFthj
but you still catch my eye,Jc5ZrBDcd1vjeJE0d39C_KP9CYg
by dziwnystan,Zl6PoW48Eqaub1XtaLWsij9j7L6
CA1EBYT,y0R4JqH6zydKTfV0BK1CeoyO7kd
caca map1,ilh8XC2khi40Qx4hAJxKxEE5wDl
caca map2,z7xIkeoEQrITxjWzXaH6TNZsDrh
caci przelodowany,e70TyPy_agUSSSkGXK7gLeMePZa
can be this bad,low0LCRXq_dva3WiS_PcIO9OKn9
Cassiee,Nu51VATO7AmWrKlmNmJtMsoUB4k
cat wiht a heart and he fluff,yXGjYbcXlHzT89wZ6PJJRd3_HLb
Catcuber,5tEhRLIc5BfVehWMvoJ7G5cBjul
certin sifee,3iJM_9Jqhkdqs5vjmRNnp_Yiefm
Charimelon,PcYrYxoCAAXlTadhWTypQ6xHAQl
Check Point 70,mTZO0ah2vd0v1ckiddvq2wedR22
Chromatic,XrJ_XMcX2HDFSvNjsocXv471YPm
chroncie moje multi xd,0n7_MNMhjFNv0YcQ94UOTAPEixj
ciecie,TAGZ27sQzQbound9kbNJyW2uFZ5
cienty bagno,h1cPrPZS_qzXNcE4wH_LOKbW3Ge
clean the poipe,97A5U6E0gLgvHuGjhl43REMSfh6
clospart,MP566Pn4jiAmiac8xLLm025uuP8
co sie dzieje,nQUkH__91qzpqZYjuMgtz2b3kEb
Co sie stalo w Hrubieszowie,c3ucVPOlCmVB8b5LUcZIdZFP63i
come at me gs boys,Tp9bLjnd7UCDM_haD_oRSpxEPi5
Competition 1,h7ya2ODJmdh7K2WVuXX2YWyJD6b
completly normal scenerE,zhlMRHA_qCA7ZNSvDtOvNTrnhPh
confusing if you ask me,Fr1UJ3gTw7ea9B5lmYemZKRZ59l
Cool map name 45,Jb08h8k1aT6Fp4xr5iyOB7kZI1d
Council has decided,S1mniXqtWssXyO7iPxrTDY8K1xc
crazy lole,QvJSifQA1VmjU1pbwBRHca1Bvee
Crazy? i was crazy once,uLwU4z70f1VprLiQSdYh6WhEKhd
creepy nuts,noyHMUFVGuolT_I28VahVwtlXfk
crunk01,nik371qOJ0bDombNjNltyeml8Y1
crunk02,wazcC_M3pEZ7GA5ae7WY4YxY_0h
crunk03,ZfAJ4IqAr8qnw84CWFU5Alf5gc2
crunk04,0LqWv9f_uTKicekdF0KeNPO21hi
crunk05,wAoXEK42ji9fpl5GJpZjdeBDl1g
Ctut Masp,wQBRDTMzFkbvn4vvOI1XbH5Azak
Cut or uber ?,vbDDdTWjUKCGq33TW1nyTFeHQtb
czesc oto ja,nQ1vD66wMoaB_RpwbHnHvhw72Tf
czloweik rzuk,m6127FoYeE66JZJOfGp8pYMant5
D-techki,it3Dtmcx2vkfVSDdbcUPYDkx5kk
dailyhside,zZLdtiBq2wXPYxSSUSsSv65hFod
daka daka,jlQQTfQ8DgLFFslunXVaxCdYmj9
De la mami,OJl3EFiKx03WSDkDKQNoPs3dn27
De large &amp; MG,yHd__BBIVFpUEd8GjgZXGruWbf7
deja vu enter,x70qs0argNhHbIAuVZavPoL3H7l
Desert1,gB31KXMKbbJ49_L9eRP7QABuvqh
dezland mr,s7IyHFc80S5uUeTT0TtyBDSPmgj
dla fanuw driftu,EKJfX17dQVgHaXFLzh87tyVtrja
do a kickflip,YWykJJ17P4pO0Du29zNtls4wi13
Do przejechania spoko pomysł,wafA7PE6KIUa4NXJW27vip9tWoe
do you rember?,AAMfd1NWwF5I7YuCMXRg5hxemd3
dobry start ale no nw aaa,1yLCRdtLUngpR5njWzy5pNV96u9
dont rushe,YOr1bRpyxHNKixk4AXpDvuljGK0
dpamine,E5Ooe0Ep7toz2X3Qu3MlT7hju92
dragon fruit,8d8xzVLFRDwf8SBbQWdjJtXbsV7
Droga moich dziadków do szkoły,5h1uySyoHQ_gN91tG75tt5mlYZ4
dumbraven,0aBlL5qJUP9IRVqilAaE5cBka_n
Dunes1,GET4usMqxuESDgYdOHabyXKEjz5
dunl,Ebuyy9eENyVkntPuJ8rTnnP0vW6
dzi1,FobCiR70SQCYT94lRMqIFSy4OAb
dzi2,gwYZSmXlS36tyyENN5xS1EUsXh6
dziwn OoOoOoOOOo,LHxfJkD80RtNWE1X6xeybPPcC50
dziwny Cup #1,r0EwTLbY0qxrx91iQyX37T9VZIe
dziwny Cup #2,u_8yUGvI1VzlbeOiZd7Dwm_Nj3j
dziwny daily1,BEH9YOe66OlwtPKsJsXrTBmAsT4
dziwny decent map,5y5Hnrk5UAlyN4NmiWy1c_X25V2
dziwny Fall remake,2NXGbPaYPj3sbVMt1M5DZUf6Gf
Dziwny lol Smokey,A0otsABbaXGghqLuOFoNgATSHuj
Dziwny rpg,vEOyTzMd0xQ5VKLPh5KOAvpXuc
Dziwny Speed 1,UyIY9bLCs0Ft3Z5ga534mxuwN8d
Dziwny Uber 2,VH1YU5TQTOfsrhjAgZemzvrbo8i
Dziwny Uber 3,QxMVzb1wJwf_Xr9EEFZKcJiwdW7
Dziwny Uber 4,k4HNK90NJhjZRzo09JKOOJydTff
Dziwny Uber 5,seCKmbsZtczMrU9QoKcT_zpvmz5
Dziwny Uber 6,Nu6F0q1ss1Y6AsVp0pj25XjJQcf
Dziwny Uber 7,ws4WUgsGkKfSSi8WIAEknxEASei
dziwnycut,YTsyxUlSeNxtBz2N5hxa04_UgW1
dziwnystan ++,pgDQhsgEziUfntEjTnX14XgHWrg
dziwnystan bonk trial (fixed),m2UCVWKG5o5fta1SDEOOBoaP_Wa
e kacky?,7NV20ZDxW4p7Cu1TwLAeaE8evv8
E low max noom,UGkQeGVdAm7DjdcKOoCwH93PIM5
Easy Rpg for hunting,k7cecwYzvvg0WfspeamdWMnmw6
easy//asto2,1kIIp6DyoSAcyDBgDJAlcqM6y92
Eee 104,HezzA0S0BavaQrx33BKAizcA7lg
ehos of etrnity,pIURtwvXU71Jf988idunnhljomh
eksiss uwu,YzvwChGBohb0PEtrIULv7YpsGI3
ekwoei,dYWgnCTnfLpA4cTD1aOt_EYpgB5
Elivaew,VDZ37Y_eWSw_pJUyXOMhQLglach
Endurance race Astolfo,EBZdWfxJMXOaBRGo85p_RSf8YNe
Endvaer - Medium Hard Trial,n6CQ6sHkMl8T6qI_XdkvgqN1wSh
Eri Hgu,jjCkolr63MXSTPwKQSQ_0NxA6x3
Euvalet,7HzcHl4Le3bWq_UYK16nQ57tDb2
every kshenr lol map,Tk9PnqahgkVIto250kk494wshY2
Evitaerc&lt;--,c7SLRA8a1NwwtbtWx9YOauQOnB6
exchaning laneds,FxD7N4BSv1vHOLIkl8SviSufXnd
Fabitm rate maj map,l6Q2jI5uiseULc6mNQ1iEqvd0q1
face it you live to pay taxes,YbefzN5ebYKuKgDva40SMqSce31
Fake pf 1,yprF14HN2jW0JP4D6NCemhbYN2m
Fall 1,vdQ0ZZT8Evv_nbsI5dHiGskEuw5
Fall 2023 02,NuDA_eDFAsx96MAEbpRsFdVDYa1
Fall 2023 04,4H2PXpc5FZn_bIjj71LP2z8Yg1d
fam asleep,cj5Cea1QNtl4SZnhOsz6hZKZGj6
felt cute,ma_PEYqKXFyq_5jHxQ7BGdSP7Dc
Fight Dirty,6Y5JVYuYzlGLW9G9VVeqWer0FHl
finD the solution,CEb3NIjf2lAWFTdfoJCHvVnhCFd
flippen to finner,Ge_o2TdCWCei8ZhdguQs6IQIAh2
Forwards vs Backwards,BIbA66fGIFtV_sDOnRBizmzWFfk
fotosintezis,Eo6W0MNkAiZHctlNwfUBMEadVa1
fox girls are here,9VVGAF8vlOkDgwfCzJ4yoEEcZJ2
France,6JdDi9fGftvCqODZ_I6UGlydCn1
french short,hHUWCdluPK9yHLlaQUaJzHkuFTe
Fried eggs,kbjeOv5HCnklmCFCPNMInAxoP2a
Gawr Gura,eU3_Xo_2fvUGZhZKqldA7lq_A3g
Gdzie pieprz rosnie,Ry7GNGGGfKGr2iC1beoi5iDYxP9
get it twisted,AKyGg2aprX_jS5tkNRyNNtyZRL7
get over here!,UaQwdj5WoGpm9R_l8gMGuIxSysj
ghisther fe,ZHABeWZfRnGvJGPYxCfyguHHCf9
Ghoti,8TPh8KoMTVersMR1EeahsNwR642
gmalores,ChKQO512lU9OcLq33YPHB4gr_od
go turn go back,WsMv4m3K_VmTPKXLPvnsNYBIZrk
Goat Bedge,G2A5bdaM6hgOuIZqDY8E58pC7Rd
Good not glitchy map,dc3jUGc2gmedkkdFFP7XV5ov7xi
Goofy ah uncle,bI8tqRTEPm_0aXXbiTJRA3OSDWk
Gówniane Gówno #1,EoVUm0tHE5rzTMTXmshNsR4owB3
Gówniane Gówno #2,pMZO5iUoBOdfJlOGrCZ_EBX4SM
Grass Slide 101,DwLgTy3CP7NOm0JtlIzR7nfwJx0
Grass Slide enjoyers,MubOoxWDaSL7m6yPCzJEmWVWdZe
GrassWall,yfLi4sRIQfhTUQc6EAyWW9PxDXm
great gs map plus plus,3b9mAPo5DWsY9aKdn_zPmH8GZAd
Green #1,hcHr4wPChDW28FbEUdx9JWtDoKa
Gs  x2 right 10 sec,w7RKsT_AYWvgWYF47w4MBb2bW76
Gs fiesta,ekxxetHVpaFlTX7piKmlS15HDP0
Gs Sheniganas,zEhpHFFMC56IXARgfxvByzVMg3m
guwniane guwno #3,ttZZxWSS6U6Us7i55YLW6vMt0qa
habe u seen an alien please?,7koHJPGq7hSb54rOuJMlaMlOdz4
half a bottle,4ZFhcpwgrfvNrPqLDctmXvBe22
happy 20 years tm,4LMmEqjbynhlqK1gV8rDCLxhZOk
Happy Christmas,TGFjMh14WjxcVwvpVYVMO_1a3yl
Happy new year gamers :D,A3gw2e8fvr4mNMQw1bG3IZDn1Lc
Hard lol for pros,NqA0e3J4YbdxpPM3f20u9IGM241
Hardnathicc,82AcU5rFEldC7A5vWrsaPe7qNSi
harold,rMTfCz4qOpQKh1Rlibq_dwKso0a
Haversard,asm7JHKxrOtMpQHCFTaaBSz8ysg
he coocked good,17d1O9geMahgVs4T7HbGAE2z2U6
hee hee jacks,Y_3w3TR1iOsmb87xXajUkvnDRB4
Helvetica Standard,GYxiiMvpZMh49I2q1UYJLb39yBj
henry LoL 1,FnWxUeDLfR6l3HlIb3XBgK24SWf
hex(no)limit :),xhQUG4OXjm087CWRdmvtP3Vitc7
High BPM Master,MNXMLlrdAqFm0fJptgQ7MRjKEf4
Hills1,yllUBLHsoDKXoGmxFPE_SL3CAte
ho lee fook,A9e3gjOvkhnWrIb0IZ97UuMa7ka
Hobbit czyli tam,FBam96FFGYw5NoCjiRq_u8DjDCi
Holy Grail,IhvN_cdD2LtUqD1fKyRLjLnXcvk
hop on trackmania,5uvfXNqFm77iuLc_RKbNZYbHLia
Hortensia,qQZugqACoeJVkMOdOAekjOOiax5
huge cream blast,RS0VHXL6O4YtzHsC8DR0HwkDt75
Hunt mappers,IqPNJvw5Qe0OVwZZhqJM9idMeA5
Huntiny,ctyYbWSNB3pNAeRakXlLaSvY85b
hypnos nigthmare,yfZITlJGBC1_bu_bdLcd00S3uP0
i am unstoppable,BcHmhg0yxrglj89QYju8qPCvxf9
i cant stop building dumb maps,r5MjB__M5Pa5h__lPtEXdgnOXW3
i could stop it if i want it,SrQl2j4X9XCQM4OKya1ykLQBm52
i dislike pipes,lEC0p3WwUk0v5dYSKV8pFTsXTU5
i dont have time to build something good,b3AiT_Q6vNBQH30qGeALYYV_P5k
I Dont Mind Ruining your day 1,2e6R7Fi3YFx3t7_eFuDPBGAobNh
i dont think there is a cut here,JgKa2v78y3gXD36D_TZnuzPTPgi
I gave you my heart,YZXW7L1Qb6CAK1vQ1SV6dF67x1h
i get no kick from champagne,lP4cCSyFjfrOvbE6Xnf7APW0Cd1
"i had a bike crash, layed in bed for 7 days",jNGPH4mZDXFZp5EQJXUzSec0HJh
I hate to disappoint you,GMA38lGZvthK8UcwTXRIdQdtzdh
i have a bird,rt7HhgSEEmzhbbnOLGcA4bsYdl5
i hear jackie chan singing omae oma owa shindeiru,VFa5pgPZjHvtNkO8w0PeWmXtYVi
"I keep my distance,",Is7BKo1ZRnntzB_EYNzzIFK_kQh
i kidnap autistic kids,G69sEqArZTm0xOsA4l57L_hoDn3
I learned how to dirt hills,M78kiEFSgjT54tmLkjG51XAWW2g
I like this one,y76CvVjVacXH2LtRaHZxB_xObxi
i made kacky accidientally,T6OZ_Fd3c4aKoBwgppZnjBhSW_g
i prefer random bounces,elapX2wxHqfS0NA4T1ilPzm2dth
i saw it in my dreams,PV4MZrL_sXo2RYyKjOUvgDEI3eb
i see thaa yoos,TuppWfCWTkTaxOeqkfJ2x9hb64l
i woke up and build this,Ggxfj9VuOyTY6Kn4JO6LFhaKKsh
I wrapped it up and sent it,tSqEYwdH5LrSkuNM10_F5TNEGUl
I'll give it to,_xfSO3qEbr9f8fBlNODLNIUWGD
iforgotwhatiwantedtobuildsohereisarandomlolmap,Oz_Ba5RyGIYGIor8ilSH2j8Lc_b
IHU - #1,LX9X2vKVPuzIgmQct3XnGjeNhk2
IHU - #2,wz2p7Em4UaeloqtWQW1OPwdhuie
IHU - #3,rnkbfjaTddooyOCU7jN4mTgS3gl
IHU - #4,DNgWzMkRqwQzFuPjDiWljinvaZ
IHU - #5,WyJP7G3lrUZEhRJcO5j0BFaShs6
IHU - #6,3HfYAtTqeTOHkkC4rGxr24jIzXj
IHU - #7,5Aorpvm9ZdVPYyD2GgDc_iRsnaf
IHU - #9,kjYIEhTS2p1ZFFOqrg6UOYghpa3
Im back guys,m5HeCPINIOoQenfmOp2KbPfvyQg
Im back with this,tMqcnZJH9GRfcYib_kjaE8zsqP3
im lost in ngolo,eZe3BjJtBUf37MPIuk5KzyWHaTc
im too lazy to try faster way,p3M_mpGtNn9v3ThwUxIZUEKeN01
imma put my cat on the mic,jF2lRepVsGKtPwsa_feAG0Ub2Ii
imma put my racoon on the mic,18yDAUybdx2B9fMY980GZiCUT5
Impa atas,202gTteW3xQSdaf6M706Uz0bKli
Impossible Slides,NRqWD26vmHUlvmVCq8Djizny0ig
in the swamp of evil,BN8ijE77NiX97jzijazx1FPiY4l
isaac smalld1x,LAQVqGRQarDAZXnkZvZvXvLp4L
it doesn't surprise me,idgxzjhJLy5Xx0uCFsQ6R5rtga7
its over 900!,aHj1frm0oUVh86K97O_ZqGMPvrl
j5stdave,RjnwLVuLOYecL1fDWxSaC5oPsml
jammie,Vp9VGOs9IUM3LCr6rWokt9ZHLLj
janknot1,dF8IphEu01NdMGgJ5XLmmdOmXjm
janknot3,xCtezaKbmVCgCVMcWKVTdhf2j54
jared,h7eNGrqDzOrnjPtKop5vCAieJTk
Jesser,uV3kI1S3CLPAAKdC4Ronxtp4yh3
Joel,eutGXuR9y4qbemGfbJgQ9dcKq4d
joever,DD7I9H8PNQwN2hoWxORXZnlWgy3
Jump  down,AZbaxc7JsB3RCcn7s8TT13VgDqi
JUMP 2,0TOPHdQfCM8t6Q9dyGhOKz9qKW4
JUMP 3,YrnJrc4N78MJux045B2Gi0lb25i
Jump Car Green,BRFdnaXMP2X7YC5f21TUNKb2dbg
just dave is semy is semxy,AD2WVksHakTKibt4BCF0lM5QI1k
Justbob,INsHNys_9mM2EX6r3FGQlQO0D_m
JustDave is owo,j5kqaJ5ouTQChUWl8MoX91tBjsj
juzek z bagien,03HgUv0yBV_GVDuz8EjfoY5t09j
Kack Bacc,m1PoT7XoLWQQPssdts1MDiUHv10
Kackiest Kacky #-180 (maybe),fhv6trLklXym6TkhYYsofWPe7va
Kackiest Kacky #-420,ZYeVg3u8mwSqeuvrJ0OEEeL2jvi
Kackiest Kacky #420,qlG0pVWv2E66hnPMJBsRKediRg4
Kackiest Lunatic,A_VEyjPvn8_f2UepyFa2GaIbdQb
Kacky material,Os7gb1zMmjKD6KHsgLyXZSoPiDi
Kaewyui,n9ih4CNBclIqJy5VWoWzRHJrL0d
kamazs,Dzng3GrY1X7O7tLFdrSccLBIO13
kastke bjanc,o_oaDSg_LzFNstn7cI55xcYRVS5
Katahha,8ayBwtqR9t2LcL6DuVUeQ3bpcw4
kielopewin,Kr2tsnC22NlLIAt_cEWTCEoqH47
King  \LOL/,ZO2jDCX3NEzP7D2qNh1WI85xjM8
Kixd=o,HnG7P_WcBuhwI3B8rTtHMFZKgL5
Klub Przyjaciół Myszki Miki,1_iw6NIPnijIyvmin3N57y7Qffa
Kowalski Analiza,P7uTmEJLuIJXsHTStDozu_vvmRg
kuki 0.8,XZjgHudJZNqARfCJceo_Zeq2_kd
L egester,J5yBF78NcXpTZz36ZkZge5guPlm
l0L  trick,7xSVeOq7g8C1SgQPXngi9naXJ99
L2Ci,HxD6p9vcPIp7wEGUeiqpL0xohu5
laj exys,P5CEl1JKYqMGkEVQHGyljf6jOUa
Laleczka Kogula to trollge,7SIP3k9iX2lZQCGTQcYUCmU2UP6
Last christmas,ZHuapRmbed7FW3GLb8DjahF3UKl
Lee Ghandi,ra730T1cAjHi30euahniuBTZzKk
lemme gold them,B1owfHZXtqLEVzgzI51cC2mreh4
lemon can baeat this at,BrYdmxWolRYEeaMabLbeLZGfTdc
Lemon like a fruit,6FSNK4gbGn9WruAdyMRcvSbRbkk
less bioring,NxCRELSczi5uOlHBbE9GNJikoRe
Less Md,C43dt0dwwDqhgfWhX_oy3tqZQlf
let the party begin,HyXeHXSM7sMPDLYyDN6CY9v4DX3
Limo Ledge,77P8N34AUY9qgmy5CsbDDQ_qsCf
line onev56,AwGsNQZZaYPLz0lM3GaemwaXtTb
loCkneS5,OS3fWNRdUxC1yQGnxGHJhJSTmBf
lol box 1,U2RjOideBTJh3BshHDM0Lh1sZFj
lol box 2,tGPmkZ8gA4F3jV7baN95Gb7qATi
lol box 3,b_4NPNlQphHmr8VzgviSdwYq_M
lol box 4,y4Wd1FOqlcHLZ0gd5U8cUvyiw2i
lol practice 1 e,DjBKB1DIKMKKVAeeZZFxYhnKGD9
lol presicion idk how these boosters work,L78fLJpeAC53Xy3NydARHqYDpA7
LOL Ultimate,RxfdauT0B4doZG8PiSJw58Edv1
LOL ye11,v6Jba1ZtZbzo7xRYvSWFakfYtq2
Lolek1,tLeN8Y7Dq3SoSzJRLwxfnLXA1Tk
Lolek3,TmiM6nlYZbgdEedj9g3WkDzbQzl
Lolek4,Jvuqk3nSH2IXr8Q2eLyMI4VlK83
LOLL xasto,71NZcPdQh0CPXUNXftzspfoPhz8
LoLnatiC 2,RpdkCaitwAzSsAHG0PM3Ze7MTS1
LoLnatiC 3,B_AQQglrwU9DLvvuesc3BqoKrS6
Low dziwny Uber,jH5eP9UmZHWGM9NVZ00r9efADIk
Low input strat,fgSgal7tszcVufM_719ZGNi4g4c
luck jumpss 23,RBwzEBLp5rtxR2_H9W4tlF3e8E4
lucky drop XD,1r3Gf8YosMwk645RADKSLkf1rdk
Luknatic roof,JIEzEGEorHnr_Q0XF6SjwPrh9e6
lulnatic xDD,DbkQsm8_Np2aA3wKzLQZAJ9y5k4
Lunatic +,s7whytw2DINh0k7ZRHIPK8Pj1Uf
LuNatiC 1,9AwhI7EKWiuHkCtVm3f744ERl9g
LuNatiC 2,0O5w5GFE5gw0o6e92_UMeZjd8s8
LuNatiC 4,UhVQnxEieA8oQZvkvGDrs3mMBK
LuNatiC 5,RS8IMwzzdFMfmDFgqQKAlHfHp2
LuNatiC 6,m9S8SwOTg8nl9pYoz03EqdoP3V8
LuNatiC 7,fOqSxtRd2786XyXwR5SfkU1ifwb
Lunatic argon 3,1tIiJJLZlW2NNaTrS_WI6o6zAQ4
Lunatic by kshenr,0WsLg9nHe8H7ZaF99ofWD5kL_u5
Lunatic for your grandma,le_QUg1cArnwbToWTb25QODT698
lunatic trial for pros extended madness extreme,uWa7tfHAGWLuJ7Cp4iq_y7s72lf
lunatic trial for pros2,ErWbsFjCwjz5lPSEI2auloFD2Kf
Lunatic xddtime,WzY8qGYfKnuUSBPcXBNOCnOoZXm
Lunatic//asto,wnJGSpSSy420ljnhNAh6zztzHGa
Lunatick -2,GbcC1BrF4weIaMPL79Jy6vKAU7m
lunatix miked,13Doc6c0gvcE38reyjbNojz2rdd
lycka tui,d_dVf0qATpJy21u71VteZkZU2Hf
Majuna,tyhwiWonv6Pz3S9faix3Ow6iONi
make tit boog,OvNPyl036QGH8TeKhEaSbZiuM2d
Malice,yqbITMHoBFVZvCttHBvsylNcLT8
Manrdue,loVtBZD1as0vvIL1Sm3bPODWHX4
map for Dexter771,LQnpaV69b5Mi_OYEuUmF58MKpQa
Map for ratabata,P_cBih3Xns8Crn_46wjNdk1P9xa
Map for Smokey,lbUrb_XGis1fHFVCdwyOzUUfBrl
map originel fouge,iV4lERqr5KDWV_gDqjBSkAZDcVa
map s just,BsJ4Mq7QfRQS6YekBIrQPBCjGqd
mapmaxing,UhabreBci6lmUjc4SJpYvmzuzQ2
Masterclass1,s_4tDePQQ4gwxfUHGSZutQP3Nf0
Masterpiece1,L5TnZxoL0R3Bavo4Cz21jui3q1m
Masterpiece2,IYwAyyaEpc8SNOZy3gvgi9ofR9b
mastierpe,SyKeKmqIYkXYgPbcyyjYGNtoOLh
Matura pomocy haHAA,lU5N0FDkGJcanMBwXmXhADw7vRe
max me,kidBKJZSJ9vrBSEtZWP4O2HX_z1
max me 2,5QW5_IEww2A13pscjUsEvKUBjVg
maXloL1,TyvtaUcmSFfqvCP6_t7qk8XHFQb
maXloL2,Tk3DykLfmdrFj4FM2Ro9dxJqOMd
Medium LoL 1,JrMKtIIyAy9Rvus_Mn9IMpUuYI4
memory lane,kY7RakCV1v0Ikq5NFeKAYj88V1d
Meow or nya?,tADT5GaRbmPQ3nEtawHZsTiItT1
Mercury,wzsrzNVbqXjhVpaNLFq4LaXn_Y0
Mini fs 1,ZWiAYjomJexjNYdwwE5NVoTjVu7
Mini gs #22,GfX1AFSVrEIQETPJqN8BUThSwQe
Mini lol3,804iy_CLCZkR4dHfFu86h1XXhR2
Mini LuNatiC trial 1,wnbmfw9tTPdrD9JCQLPAKDhIZFa
Mini LuNatiC trial 2,sbuhRcdsBuELkq3y86iE1zVCdfk
Mini Lunatix,F4B0bWjbvMrddmFzKadzTuZHod2
mixed long map for begginers,81mmaSLkki3YPILRBqqqpUU_gw0
mocny jebniety,1CaO3358LDsxxDXMn5_EI7ILkjk
more idea how to build fs,_u2PDFovOUv7uqry_kslIid05Hc
More ways than uber,7HQTGehZ4xPkeXQCOndC30_khW2
mousey,Ke8yh2XEgVyd3zn4NXFer50dwzb
Mufat deez,FXp1sUWSWmv5YUdaCYthXvV8Z93
mufat type map,YfNmkHVcCigaCwpoNlAgsrHHqBb
my beat + your melody,sEEC4XNw5rAMrD6FCabNSXNwwdh
My desk rn,VsbPowiIR9dxP8F5EqpvTQe38rc
my time i can feel it,GWtpeKchBY830lAEDH3FtdsVpC2
myhonestreaction,woXLUwzf8P_ssqwHkrGRwQPc0Dj
"nah, id win",huvPxPoQSLDtBFwUs8JVJMwQN14
Nai Rem,onkjVo4cw1lggvIgZyMqYULG8qh
Nat Izd,yolEQanw9c_kSypQulBN0pp_497
Naymeow,q_zEcCQWUtImd_d62dywSMd5858
neblula1,C3Zns8gOD_R2UHDK2u5F0F33qMe
neblula2,WNKB8tzWXgHFOBg73f5pCT95Oaf
neblula3,T6vss72eqvlT1us7PUsAuVYjri6
Nebnatic,BMgdVa8vQVeYsoR8VFdFsgiD8v5
nefarious evil sorcer's moongrass,PMAByz00y2qygVvZNdz445pfKg7
Negative Rizz,YSXX6L0n6ioKrEOX3YTBxdeCQS7
Nerthus,R9EqDJ8eeVRRtSXOuCwFDUhKk8e
newconceptforme,8ThrROAsMpYozJcwSZdxrkaIUO3
Next Track,Yb5tBmbx8Y0_UdS8QypPECBh9j7
nie umieray,1pH3ArZiCJySTFwBsUs5p9g_GCf
niech mnie kule bija,QNTEErXjqYAN5DV7E2CMSLcMetl
No cheese :D,pWDhOLWr4GLC4lHFhAclRuGM2Ae
no idea how to build fs,Zb4qROfsSXduD85u4sW0_58wXX4
no nieeee,csAUbf4B1voP2OfMiwNuTWEZuge
no regtes,pCy0rjZ0KxDu8puSEwW7CZafH7l
No Unlimiter 3,ILhZ5QTZ2c1ddS17RZtnH0hwWe5
no way,xSoLp0qITu7Tq4mC6XHOZRUxZB3
Noit Gnin,7vVNOApATQHujRytzxlph0jBgql
Noober1,5GeaIf21amJ5N46KBe5GtSSMIZl
Noober1f,nNHLamBkZ1AhmvnhxjhLdLHgHxi
NoPro // asto,JNGaLJFT6Ad9NJns0uyuxYMh8Cl
Nosebug 1,xmm_T1jBmP0qqGKRtyVF65NW477
Nosebug 2,OxrbCWuzO50X8HhfJjoIKtqf6V1
Nosense Trial,bfqsKmnlmijsLtVL5PloiS2Bp7l
Not a map,BABhZ1jFkKXruFZNpzwlVDkXrVa
not bad jonathan,K4pl2oFezBFLoAWemwLE9cIKBR9
Not for me,PcIrTnOO1XDGemua5oP1DlZYPNb
not kacky 1,0Ro4HMzop4iNwEtd_D830E6yXGk
not kacky 2,fTWHp26P8FCDzpQcDws6ZMRERK1
not random easy lol,wtExYXJ0bBOHruPikUOqk_5xOfi
not wobblin boblinn,cB6dLlI1ZItBeGbRwDLIZXiIJJ7
not your usual lol,D1piyoKp7Qs2tvf6X4RltdCVKql
noth final boss,KFmP7fpD5zeeYIROWwJQEdQzlca
nothin nothin,YRovsvc7WNFMeVmfzLH0ODtpY3b
now i gotta go,DUpGbdDNbXsUGfpyNLOQTkBXFb4
nuero,H8b8Ejt8_ov99JU3BVkvHv7l3v6
ogs boo,7PoCeniUmHjMJLdyoNCp5TDWAO7
oh thats easy,LD9cexrCqa0Rs2z1WKe7jvTDmqf
Oishi Supu,NTnjxNVXQX5An5bH52MVgBOkCR0
om ma gah,EAfL5t37rybeKzDvlzMiGidL1U4
One drift #1,VbK5U_ReobUrZmsptmNKlBfHO22
One drift #1 dirt,qObo8qAbbA8KWvNtNHAVjgn4_9j
One drift #2,_Xgdg8q0zSBkb0MJvMNlHEGVa6g
One drift #3,orAQS7lZfIkdjp_3p7PcXBwVsA5
One drift #3 dirt,hpyl1KB3b9Cea9dEG4HdyQraN12
One More mate,jvhrVADzZGl53zYrfKjc6RLy_72
Online finish farm,uJ3ceavcgko1tyExmLXhpYtGvX5
owo uwu trial,rHi3_sHiRQIkJVF1hazqwDXOZW7
Paiz Lunatic,_257tAvxLGVRiy0O9vLn7UiZsE7
Papa Smerf,Hp1odjKPrtpxyPFcZsV2yaHl0j3
Parker,pyqbarQkVHXmWWh_KnQJD_yQ5Pd
Parking Police Chase,XEc91f2tXyD2c0GYASWD4nUdPg
pałka teleskopowa,css_Vu0kevU25LnCGqgi9_dZvxe
perfect plaDF3ce,wJSbCCvVabPshIqW6O43hglL_l2
perhaps fs,9Xu51mbLPWVSt_BD5AZ7a1cGice
Pfow1,CP7jnnz2jbX3wf0u0f4TS2jtAVb
pfow2,5edCoeYDn7oqKpxXzRs05fNUXI
Pink Season 1,zHH4xizG3kk_hWwt8hSZuBV3tr4
pisac i czytac,GC_mi6eQRfSAyTMe95OedDEt4Jh
plap pla pla l,DXx4SmsxjyKcHnupTTgVbGDDdBc
playable lol 1,A8kzQcVl5siMvgTYiWGV5sgvyKb
playable lol 2,DsaHYBBOkpw2M7wiVhyVPEm8edk
pls dont cut my map ty,vbEKHUHl_Lr9KWU0zCggdTYXtO7
PolyTrack7,5wxa6_u95pyi7ID6sVudzyVqXBd
poniedzialek1,oyQk6s1lkrAxUNssaDffHk5Gxs7
poniedzialek2,ZTjWI0pXGDBoHkMp4YYCJw_fs_e
poniedzialek3,eh_BBAnxHu5JrrgWAGMccbiJM8j
poniedzialek4,nnT0TBdxDr7MZs4ZAVUWQEit0Pc
poniedzialek5,yJAzryWzUIY6Mb7fLJE3PxEVHNd
precise lol speed,yhJdIBdcQtOIfVz2E2CrBwR2Lc2
Precision 1,i_EbHCLfsL53VcLx9SmPQ3SaBom
Precision 10,Sr5vkzJjtZSzGfSInTvNkbfANw7
Precision 2,PeoVvUeimHEfqSajSDLHJCPiWkb
Precision 5,TzrcMTiFVQeseGMuWsEQqEDooTk
Precision 7,LUFYXz2Lx26PujvilXJXLXdiRwa
Precision 8,kkTlvf82xESZjwk8xRjEDJ6VI87
Precision Mystery,wC2p8tGvvZWdYZdu1JORytGqdy9
Properino mapino,rnDMQYinKn7nL91FvCVBio6vtPk
Purple Booster start#1,YAe18E3lknm65q705ywgLnSiOec
Purple Booster start#2,jWHWWw0Q6VtNN3kKmHX_HASZ6Wa
Puzzle 1003,3nIdMNDDI6zt5S5rXh9Qa4XVN68
Qenkt1,klqPLvZQZ8n_1E5LAc0IrXn8Msb
que es?,zspHca7y_biBcBcePz05Y429kyk
radom olo,HZLnNyIZWS8rX8eNSWkvpYJmjJi
Rally first map :),EmM8sIDKNRlN0gJs6OKGtdGpWyj
Rally first map :).StadiumCar,MTU5MDk3ZDmRlN0gJs6OENVIMIX
Random LOL ##1,EkSb2xCaHSgrdf5cxVGi5Gx1Ufa
rAndom olol,5mpLoSbu87OKmAwMv6JbJkpU_b5
rata luna,JqVEKKKvuVEA1_PpdEzmuJk1P_5
rata11,b8VxjbMskt19JDx8qt7sXauyTjd
Ratabatav2,2D1N8Qc8aOBF8B74etqE0vmwqIk
Rave Boy,qBoEAkdgQ2SwXQLogtbkwwrzEf0
real annoying map,35_DIKBkq4P71IEdaeDi4Qz2z16
Real dank lol for nubs,FGT7MZbQyj9Q0hk5Ljxy2WiUSsh
real mazowi,av1jAuTWu27LiT97Ip15tMNBeJ4
rebiw itgree,qb6j71Gn4Ns3FUDMujtmOgPbDba
rech for horr,AI5n7zzx5f4V_ePKebXvNZzqRQ4
Reduce your airtime,KBH1oLQS_RxPKDZkQMtIDYF67s6
Remirtui,Npp2pxxr6BKS3O8WXApjeHWP6W3
retreat to hagra,rUgEMQFFhjzVIkDvEVf6vLa2Qt8
Reverse Precision,FYVc2jkJ1gvqplThkLbTU42Xmte
robie magika,DgDaR7rfXJ8B9mclm9FHFDnII34
Rolias,dUhZ1ceiGji8iLSA3LFgbkEvRz1
Rroal Ceirpeim,uNUeOE921u1uDwv4KzeP0VFZLAc
rubenfedp,DyqZoraR7f1nYEzf_c0IPX2t_Vh
ruined run,wDdPPoddRhj8kFoJ7jcHrV7GMn4
Salvatore,cbaXoYi5o2e5guMkz7CCaqkDje7
Sarah,KdWZ6jUZBn5Ce4TLmp9XD_X__4j
scarred,JzaYVWeoQcFcrbDHwESUI0PxYzg
Sedli jump 1,QgUU_kUB3vseIXfzibZlG_wKZ8d
Sedli lol 1,TqLwvpyMt5z0ZtAvt2zl0cjaGEi
Sedli lol 2,7JVUq4RxPZbm20E9bafHQN6H2x
Sedliest Sedly #1,teQgVVL1FWGYO4NFzl4VoQoAqy6
Sedliest Sedly #10,F65N7jAHvmcCezt_3zEW8kORae8
Sedliest Sedly #11,eRbMaDeIhK5iy4WUj6xisgzva5c
Sedliest Sedly #12,gPsZcKn8ujF7e0OrT0lhAY7Gb0
Sedliest Sedly #13,sailFdjCl8WDfuAmlJ3DGrv8PZj
Sedliest Sedly #14,WLx4c2cPzzSYWJPXNDn8mT5IfG1
Sedliest Sedly #15,HHbyWOh_YcKipzO_8vX9HW4HX08
Sedliest Sedly #16,i90W0uI_3hFJekHyd_pVry1Lnib
Sedliest Sedly #16.5,tO92aMZ8Bss58wYBxUoZtumqu3n
Sedliest Sedly #17,3uPg1Mx2V3wDs_tN1_1qUmgwmmb
Sedliest Sedly #2,qDw2y0btbnzIzzcA38TaU5nGH_5
Sedliest Sedly #3,oi_TsG9pgYVyOs8UwEkr5sPGLQj
Sedliest Sedly #4,5qO2pUVftumbGXmZ3GUyDNpIHx8
Sedliest Sedly #5,VcHgLHzoYX59M0pSqr9hA7XH36e
Sedliest Sedly #6,X8C9wk9TE7GHrp6qpv8u5bIMEha
Sedliest Sedly #7,kGtkF7p1FXGOjNRZWGUFtn98Dz7
Sedliest Sedly #8,5bfem_wBoSzMHZbOJvpL7BtNtHf
Sedliest Sedly #9,py66rVomsGNmjWia2oiNmkC6Yrd
Sedliv 1,SwIHBzXOmdhFNgGWK3aS6nWH9gl
Sedliv 2,SiL17j60Xw5bj0x62yzpjcvxkw3
Sedliv 3,dz_URz6q0aOUK592vam5PPBtqJ6
Sedliv 4,Rd1wbK8OiQvekLq7yu0VabT4O6h
Sedliv 5,XGEvbdLDo7LCzs0_L42PsAmNWF6
Sedliv 6,GeZ1ulrozfU2Fe4xtdSH2MRamPe
Sedliv 7,UZMV0GflUWodcunJ_jCUyiIZ7Km
Sedliv 9?,eu0f4ucdHlgdKhqJYEfUHNqZ14k
Serpentine Surge,84ab_PJ7pSQw7BW18fxLE7twIw8
set the score,nPRjeZ2UwvKEtN8_BAPaOiY7fXh
Setup without the s,znBWTgpto10ZXjy9oc0v9Idc9ng
Shallow Dip,BDsiSJiRzV17L_lVIzYs2JlFtcf
Shallow Dip cutproofed,FGrZxEc3F0GECGrbxOSR9gp8ki2
sheh2,fACaNL8ezPAKrGTNGTKHHhcZ8_f
Shikanoko Nokonoko Koshitantan,5xBwG6IsX828bNb1_moEmeXfuk8
Shish shosh,D5xrPNlB1imdK76VjUe2cKxvki7
shit bad 2,tpE36hpPlxRuHPk_7PulSkDSHmm
Shitfestival,7Rl0fjFGnsOiNCgIAVNfYsmXIPd
Short 3,BXrFFFXqo6avrVRHB3_nCfqs9Ya
Short 4,RE8fhMa_O7JbBDRla5LLkvCeQI0
Short 5,Lb5_G9rGCw8MVj0bFIAu7IeHyQb
Short 5s,ThNvMpPGPW4GmwVTR1OZ4JUNp74
Short 6,mCGHl_vNDhB5ywkY3Z9Ap0C3NXg
Short Lol 2,V_7dG61aQ3oJZ0hv5KDbFFPg8Qg
Short map 13,nHdR70G4IcsMU6vltLzcMcUO4fm
Short map 14,33z8n9WdvjLZv5xOOaWoNZ7RDe5
shortt1,jjIWMwBZtuykZN01ByCLg0oHWtm
shrek is love he said shrek is life,djY2BOIErp9C5VIER8UdwQbyFf8
siebbxxb,BIbZv3qq9nvHzbgKsZ4Mq3_gvV4
Simple Mini,IPeGe6r5B4rFHxsth4hdibPSW7b
Simple Mini 10,kITJukVRNC7fl6rKkYoKA_Oqhga
Simple Mini 2,0NDXNL9UqttaZILqq8r6CU6KzJ4
Simple Mini 4,xxUGt9Rx3TCRE8RD3On3x7_eJB7
Simple Mini 5,eL8UqiLSuLYMDiRTedTOG9RChBi
Simple Mini 6,gjITtfE9YDKdigHQnToMxU7hmah
Simple Mini 7,IOTINGCLe0pidydC2GVt7Rd_Uq3
Simple Mini 8,OWkxddHglBa7PAQe6eH9fqyTXVa
Simple Mini 9,lPvKLxRiEr2EDQIT0HbJJyfONk1
skibidi bop mm da da,S6wx36okNR6av9URscbLQSaspRe
sklep spuyywczy,_y7ots3mthWJ5_tqv_CnJT5Gwy7
skulpter climp,ms7cV7lU986EcxSGIHbNDMueBE7
skulpter descend,igETKjXncIZkzXeyVIJF7xToJK2
Skyline,DnY4eCDRocaSz5CqWG7DzAAsF41
Slap the tissue box,4FRZj2JuTctgKyzEYHKBsGpVXM5
slapping cheese uuh,Rn2AwT_KZATEnlW8OYbQlOWddE7
slightly abnormal lol map,sPj5ab5zDaqIuIj9vikyjD5Di1j
Slippery Slope,GIxWJf94UVlGPG4EDvjJspx1as
Smerfetka,wmdbRXEkpXGDOr84VQ7IT5oJVse
sock with milk,lvKcTmEbDX6j6fAFhVruVFH89zc
some day,IrI2_F030Wvx4TOIYPGxB0sXjT8
some loops and jumps  dd,rlpoGxgo7bgsvUxxq4Flmhl3FX6
some night,8t7dA_USqOwGS3WSBAjdjxDsQH9
Some Soe1,QzttelVVuYTy25Y0MoiqIRCFUc5
Some some2,LnqlEmNaNWXlhfV1cCn6L_bYGNj
Some Some3,Qs1NXNLcARX5g7Irlog22Gn7LC3
someone special,kNq8qhiTVKsCXuUgL0IiA6DYMXj
something something,8cgpvr3Fe5_EACJ8th5Sz6vURJa
Spam2,bS3smrjT8D_e51F1HNe00XSRZu3
Spam3,Zsn_V7qc1FIoRG7_Pf9HQQbqVya
specjalne pozdrowienia,pWA6ObvT2Q9H0ehr02Zqu02aV5
speed then unusaul biunc and up,7SSmZpKfJj7NKv1egqNGzPOlMdf
Speedbridge,t7W09uoYoz3CICBpRbpUBL9Mbsd
SPiederZ v1 XGR trial,T6hSbRUIcPdJ7TZZIJx3XHLz60
Spiritual way,G5WmEunOwJ0ypfIFkiorfTPwNd9
Sprkly,kZ38nY4BdXnEU2f5t5N3fjUtBT9
Spyrogen 2,YOjhUyBmHukax1GhDL2j_rjkCxa
Straight Forward or is it,EXDQgYixZ7b1COct6SifP7WRX0e
Stupid idea,HPqmCtMvdTVZBucAQQW7yxOOsjd
such a strange map,Zv_IsA64327Aznggpa4W6o5aypm
sum ting wong,efR8CmdrI9pWbJ7DdhJnio7Fv9a
sunks,HZx8IIHVUmfV7TbvP0SL_FjEaq3
supersonicc,WX3yCOQhrzCe4osMf3133kuoF26
sushidawg,1KeOwEZsI0xaXNQec67BRLbHuy8
Sxnset,twyPd3V9ffPN9m64VPxbB81O40f
Sybmurine,fYXmzdPH41QK6G1JtUvluYGeMAl
Syzyfowe Prace 02,VRtv_zGHcFjsSndGjFUoNaQouMg
Szorti 1,VTRbffFxsPe7tE8RiFOCBAOM1rl
take that back Leorio,usdeM8wimx8qo4Br0xZjoGE4zVc
Tangerine,EGfFpzG1cW1NloVvkW3TcTf1mpb
Team Cisowianka,73xFfLWiW0wa4tMZX4vtPmMecke
Tech Dzi,HUdQqtF0gwH9I23dWa_jeGoIXub
TechSport#1,OzOXj0_g6RixiDLKCPv5KIKnBn6
Teh luantic llord,g_pWx6CabJEgt98zVtyVX4ZXtH5
test01 grass,_ocRC0YQSW7owoyJIuynZM3yN72
Tevlev,Pe6AVhHgcKOxMdichRRMB2zkVM7
the f is this dziwny,R3xNSB_ly1AEsWvUJesdFTnhvyh
the path,eWdbiMi28tNbL56X44eoYGsJyNc
the time improve you must,ys3ENCx1JgWYrpaiuFCr_lelaek
thigh highs,vQOHEVMRcc7ZPND11yXmPaJH4Q5
this is  what  think,veMzE2JK8zSaqYBUb8ZIn_c57Rj
this is possible,TzfGBoXAn1HIrWPAYVvuH0jcwWm
This year,NyA9RGyPQ72B63ObCM3WrEhtfw9
thralla,bxd3OCIfbSrbgYGLrWlgx9GfGFa
Thuncision,nPOP3WEBspI9yoXjpGNBUrwj0c7
Thuncision 2,eVYeC5IS6kjohkrBeFsEQ4h0oG8
tmf seasons but better,r_Kn8flASZigTBsRHXexjnpOQS8
to był niebezpieczny czubek,W50syMUoXiZtKZ2fQLa5HVVl6W
tokjo rein,fvu3__u50Ihjn_Dfodzwg6hCK9b
Tower,dr5qATcqCU2AuxAzt3eskM0Ma6m
tr0n,gBwbrm_ifEeQI8_hUlMhtJCQdok
Transitional no cp,SSwmFJDpcPkvmFiq37pMbaUFTl1
Transitional suske,MgeRv3CHeiP5naqnlNyRreX1031
Trash Ball or smth,FAh0KM5I5SS7Fl6r9j5H156DJk6
TRASH Magic pozdrawiam,R6E7WyD0AFynrm0i71maXzfMWMj
tuckk,R2dFkYljh7r8lDRz6X9S2NeH09k
Turbo Skate Mania,KOjgMC2K2FjmB8qYmL57Ic_NrW9
Uber 9x dziwny,AIHX5dyU1PLUy5Rnvw6sgK1SUlh
ule le me,AIQ8tGIWqeoPBccP0ZFcj_0Ny0
Ulica Sezamkowa,UV1KKHMRLFYnIyHuzl_k6R8AA_j
Ummbero,wUkx_R7KPKWQmOTMnJGPh688KO7
unlux jumoing,UasAojU_niQBP9c7RSCa_9Fzuu9
Unnamed 6 min,2Xgcyw765Lw5VWRppziEVXF8xUc
Unnamedguwno5,EqKmY5gtzuvDqa6jzIX48ITssX
Unnamedshit050,vHowAthUHOT0DnM6nEy807V5h6m
Unnamedsike,SI60YIpPVGNgVP5Rg3xkQ2bOjG4
Unnamedxdsstr,vnvLezHxKF2ZiXg1BOSBue9hw5b
Unpiramid,1YMrRXmtLQsN4T5YTWNgqVNxES8
Unplayable lol1,daaFmIsalZm4ENvDaTHtysUeAcm
Unplayable lol2,i9PhPy9ZtVIODEOy7ps8wjbvlUf
Untransitional LuNatiC,9CQ1S9G0SDGfA6htnreJ0E7Npo4
uwe wue,r9TrnySURSs5CGRSFlPzc262H73
UwU peak mapping,LB_KAxyQe_VGELF6FhCqY6MMood
Vacuber,PPNCJOF_xqgBgTUsImJrDVK2vYm
Vacuber1-1,w5JsFfetJnnC2FVZJCY6Cg8oWR2
Vacuber3,jIoat6NPkdAUk2kh38Sm1lb7zjg
vakuwuna,2zS2ybBov49dqsYl2ksayBVMeib
very lol map for very lol team,N_8W2ysCkJI60qbm67ZXFyVcljf
very lol map for very lol team reverse,MujSwLXeBSbKycjItOe53_0y5vi
Vista Sonceri,OHcA0Qv_BVSwTNNIPqDQ7VEh1G5
Volol_1,4MQio5juhTbc27AABkiMvBjeze0
w head szaleja synapsy,RXt9MvaIrV0VTWybS_LGJPPGWP2
wacky lol,A7BuP6C_3f9xOdrZdxFtUGCuL0a
wale dzioma,mm_MxELnjvIdA7AwGRW4OE9q2ed
walimy schnappsy,KhK8qwyiq1_U2h8Km6banh0lpX8
watch the cars drop,pwEZ9XPHDOcRjLqBqTYhV9pR5e2
Waytooeasy for u,FVjMpfmIFM1oDm3CyHioTk9MG47
Waytoohard,mLd081NbRrHYqGhJ6gdoA2sZ_ui
wchodja,FFoaejyaRZ9kkJmHhccSxZR5GW6
wedneday1,_M8qvMHuryFlTyPehOwgxQHTbb0
wedneday2,qGasilK5NCOztKx_Ztca8ZGZ_Rl
"Well, it's been a year,",JydxekO36Nm99EEMmCGUMQoXdei
what is love?,eyxReEntjo7wV1RbUk3ZPgjtycm
What trial is in the box?,WqOaOdlKqyo05_Dswhvz5DURL48
Whats the reason why,IvGbbqRDpkiyIlmomFK_yQmwfGj
When shes home alone,yAcyoz6FZyB2eyi42VtYr2wI00
Whit pikn lback,4l068EUJK531ZPqSKSK596WJrel
White #1,oEqQ95jZm5EK6JCdCuc_97Deh3d
White #2,Tbjho5Umc0zysSTaohE5cwfE299
who stole richard,7eF5Axmg8RLQCFcc0_QPVeXuUSl
WHOLETHIMCOOK,yr8ywDEW8kwuRP8C2QZYFK2re_8
widein simple editor lol,qDFYsHUcDhpaEJm9XhmWx8CWzp2
Wierdest Wierd #1,QnwqOBM2H1BjaziOnH1pdkEhEm3
wink plink,R14Sg3z0mSM6L9VW8ReWh5ytu6i
Winter 2025 - 13,aAnWKYiREoO6xqkGgDGrCCNG9Pf
wobble bobble 2,xdOFwyF1Pn0l2a9QK88scLxBMSh
wobble bobble 3,CVia6NUTzTGMvxlG3dVLguhRGsk
wobble boble 1,WUg1tgZMEah5EX40ydEhtr5s585
Woof or Bark?,U3iFOpuiDsE5cr5SgquIBT_ukr7
World of dziwnystan,w30RIrFj8YA58DOZfX8ia8JG6X2
Worst map ever,ojWL0R1DOUuEgYRuqENAWVpeMDa
wowie,FXJD7zZh4lLp6AamwruSFm6_DBj
Wrath of Chaos xdd,FMkvj3PDfQZHBZP9F31nA6WSWf0
wszystko o pato,ZJcuOWHhRlf2qyspxvTAXPwyQPb
wyciouem jej dobry numer,QDRDizj3AObilxPuvY9sw3miyDi
xddpuzzle,_sEe01GeejXdVrAMOPsJygAia66
Xdzimas2,gDucpnnVGCJB6IpNM9Mh1GrOjBf
yaah,pCvgP_vuP15tesxy73Qx_ky_yyg
Yeet to fli,v9lZqMo1NvljFOwr0eDYW4y1jP
YEK?,m4skfZwZFvKQdPKZwhSeUjT51wf
yes way,hv0j3DPCkUnJibE4cGql8y6uFh0
YES YES YES,mNXtA5V1wjeepVceXULEzIZN8Ue
yesno fake,C1XGeQ8Uj4AsXELAvBxh3vbGIYh
yesno my mouse is broken,PkOVxkSissOSj2eeio_mXas21aa
Ying i Yang,bioEAbAmGbdXVm4sVlrOoMhrQ_e
yorngeturkorin,BJkTzBzRjUimJgMzg_Hm8kBhAPb
you cant,LHBi7HtJFhdibilpzuNluIFxft
You gave it away,EcaNi_ylfyokqJHvBJmtgx6GBle
you know this one,EnjYIldw9axS5NZqfJ8BSpkRyAe
Your mom is a beautiful woman,PdjhhvuJ2YyAtHMRYTqMc87qcre
youre freddy,RBR_Y43b33_EpN_U5WG4ik0Vrnb
zeratoris mini,8ewFJEFgPI6ndooXCRbvpU2Kukk
zjem kapcie  mojzesza,h60WFHaKKl5Xj6W98zwegi0qPX3
zlewozmywak,_66MIqrjDSaMrMqLl6h5uL2wf0h
zlodziej1,vUA0bi6GrskwRcZvdQdQLhtU0Y6
Zoomer Slowlowlio,yrUV2ZMI2mof1mZbhDY7F7WlYO8
zupa z małpy,qVWCOja5AhHozZgUOnMo5Vexgl3
ΠĬńェρѳĽΔиD,7nRzTzo7TdH0UNGYuWONe0u8yug
ᄂᄆᄂ〢mappah cuttah,X3bSe556mj9uTzbDoEKf0G836R0
